type,x_0,x_1,x_2,x_3,x_4,x_5,x_6,x_7,x_8,x_9,x_10,x_11,x_12,x_13,x_14,x_15,x_16,x_17,x_18,x_19,x_20,x_21,x_22,x_23,x_24,x_25,x_26,x_27,x_28,x_29,x_30,x_31,x_32,x_33,x_34,x_35,x_36,x_37,x_38,x_39,x_40,x_41,x_42,x_43,x_44,x_45,x_46,x_47,x_48,x_49,x_50,x_51,x_52,x_53,x_54,x_55,x_56,x_57,x_58,x_59,x_60,x_61,x_62,x_63,x_64,x_65,x_66,x_67,x_68,x_69,x_70,x_71,x_72,x_73,x_74,x_75,x_76,x_77,x_78,x_79,x_80,x_81,x_82,x_83,x_84,x_85,x_86,x_87,x_88,x_89,x_90,x_91,x_92,x_93,x_94,x_95,x_96,x_97,x_98,x_99,x_100,x_101,x_102,x_103,x_104,x_105,x_106,x_107,x_108,x_109,x_110,x_111,x_112,x_113,x_114,x_115,x_116,x_117,x_118,x_119,x_120,x_121,x_122,x_123,x_124,x_125,x_126,x_127
0,0.0009447683114558458,-0.0008365109097212553,0.0005086120218038559,0.0006907680653966963,0.0009028743952512741,7.89834521128796e-05,0.0019707814790308475,0.002567326184362173,0.001000863267108798,-0.0012312430189922452,0.0035388413816690445,-0.0037916284054517746,0.003534142393618822,-0.0007295027608051896,0.0037481728941202164,0.0033467435277998447,-0.001163514913059771,0.0026771347038447857,0.0015919458819553256,-0.0032409806735813618,-0.002027361886575818,-0.001953379949554801,0.00124487210996449,-0.00227948697283864,-0.0010777366114780307,0.0011363441590219736,0.003552881069481373,0.0003079420712310821,-0.0025366265326738358,-0.0011502563720569015,-0.0014730127295479178,0.0012031778460368514,0.00321399443782866,-0.003405369818210602,-0.002256496576592326,0.0009446036419831216,-0.0035034778993576765,-0.0013599870726466179,-0.00242756400257349,0.0010156549979001284,-0.0031953207217156887,-0.0013411181280389428,0.0012956185964867473,0.0033283440861850977,0.0034426201600581408,-0.0010959765641018748,0.00017123535508289933,-0.003231905633583665,0.0010725206229835749,0.0033997581340372562,-0.0002289251278853044,0.00039749505231156945,-0.002798781031742692,-0.0013591487659141421,0.0029750706162303686,-0.0009061442106030881,0.0012682763626798987,0.0016976798651739955,0.0012910220539197326,-0.0034047418739646673,-0.00234259688295424,-0.0017077751690521836,0.00041945010889321566,0.002634091768413782,-0.0006603554938919842,-0.0004664021253120154,-0.003283546306192875,-0.000193011510418728,0.0027381926774978638,-0.0013967235572636127,-0.002948607550933957,-0.00032951158937066793,-0.0006892674718983471,0.0020313099958002567,-0.0009482758468948305,-0.003305137390270829,0.001989067764952779,-0.0016654456267133355,0.0028496088925749063,0.0025084635708481073,0.0020412723533809185,0.00324811483733356,0.0037196786142885685,-0.003403969807550311,-0.0018709567375481129,0.00018482808081898838,-0.0034111582208424807,-0.0015940269222483039,0.0036735713947564363,0.0012459491845220327,-0.0014769622357562184,0.0031486554071307182,0.001977372681722045,-0.0007373742992058396,-0.002372909802943468,0.0007914088200777769,0.0017830724827945232,0.0023230193182826042,0.0030583366751670837,-0.0010669681942090392,-0.0021343715488910675,-0.0021286378614604473,0.003878151997923851,-0.0024393866769969463,-0.001315935282036662,-0.0023643102031201124,-0.0025259729009121656,0.0008949796902015805,0.002445925259962678,0.0012874352978542447,0.002869431395083666,-0.0016578068025410175,-0.003613892011344433,-0.0005713923601433635,-0.00028315396048128605,0.0030551154632121325,0.00030253868317231536,0.0004773919063154608,0.001965847797691822,-0.0018858244875445962,-0.0014191549271345139,-0.0038123049307614565,0.00039865271537564695,0.0007756778504699469,0.0019333332311362028,0.0013361776946112514,0.003121894085779786,0.003406822681427002
1,0.0003428467607591301,0.0036735120229423046,-0.002627863548696041,-0.0005124141462147236,0.0030606493819504976,-0.0026202239096164703,-0.00311361625790596,0.0005976937827654183,-0.0030207340605556965,0.0013993728207424283,-0.002883141627535224,-0.000841600529383868,0.0023190223146229982,0.0005326491082087159,-0.0030660810880362988,-0.0010405133944004774,0.0017417020862922072,-0.0019130079308524728,-0.0034382229205220938,0.0005135126993991435,0.00044760890887118876,-0.00252759107388556,0.0010002540657296777,0.002798959147185087,0.002123070415109396,-0.00010270896746078506,0.0023700858000665903,0.001301123178564012,0.0011345836101099849,0.00032967826700769365,-0.0036620234604924917,-0.0011056532384827733,0.0008027449366636574,-0.0017769194673746824,0.0016670121112838387,-0.0008976354147307575,-0.003161659697070718,0.0014021118404343724,2.9252460080897436e-05,0.0036925021559000015,0.0013370767701417208,-0.0038504013791680336,0.0031058264430612326,-0.00238719186745584,4.596078360918909e-05,0.003900871379300952,0.0015939784934744239,0.0022840790916234255,0.0016122082015499473,-0.00365166156552732,0.003302949946373701,0.0008815114269964397,-0.0021107459906488657,0.0008020192035473883,0.0035738484002649784,-0.0035317419096827507,0.0018455592216923833,-0.0013536872575059533,0.0013973460299894214,-0.0020506978034973145,0.0006373989162966609,0.0010980975348502398,-0.0031300189439207315,-0.0006576756131835282,-0.002857344225049019,-0.0032975953072309494,0.0017146322643384337,0.002931256080046296,-0.002914812183007598,0.00263400562107563,0.001812897389754653,0.003807943547144532,-0.0019538619089871645,-0.0022204481065273285,-0.0016227331943809986,-0.00027821247931569815,-0.001063765026628971,0.0006063383189029992,0.0027393207419663668,-0.002968435874208808,-0.0010161594254896045,0.0025999806821346283,-0.003824220271781087,0.0024347819853574038,0.002162178512662649,-0.0009725081617943943,-0.0021073867101222277,0.0035697901621460915,0.003098072251304984,0.0015198768815025687,0.0012025001924484968,0.0006440093857236207,-0.0010462896898388863,0.0016662750858813524,-0.003529453417286277,0.0029569894541054964,-0.0030048603657633066,-0.0015546317445114255,0.003180994652211666,0.0013543779496103525,0.00220318092033267,-0.003105239709839225,-0.0007937551126815379,-0.0008994935778900981,0.0005123883602209389,-0.0031905858777463436,0.0009764496353454888,-0.003380060428753495,-0.0035668720956891775,-3.646609911811538e-05,0.0010462143691256642,0.0016985601978376508,0.000659738841932267,-0.0023620231077075005,-0.002313360571861267,0.0011622518068179488,-0.0022964340168982744,0.0012481873854994774,0.0038199806585907936,0.002374613657593727,-0.003505515865981579,0.0009294188348576427,0.0006480938754975796,-0.00047242475557141006,0.0012223283993080258,0.0017429402796551585,-0.0011374534806236625,-0.0024218233302235603
2,-0.0007732236408628523,0.0011655514826998115,-0.0003445428446866572,-0.0012848494807258248,0.0011063816491514444,0.0021350050810724497,-0.0020422819070518017,-0.00036137213464826345,-0.0036432447377592325,-6.619141640840098e-05,-0.0024516538251191378,0.003606118494644761,-0.0034723994322121143,-0.00379325938411057,-0.002917313715443015,0.0012381277047097683,-0.0021621070336550474,0.0005419284570962191,0.0002215405402239412,0.0018238886259496212,0.0013706375611945987,-0.002747673774138093,-0.0023552626371383667,-0.001142580877058208,-0.002024440560489893,-0.0008868511649779975,0.001021173200570047,-0.0034178541973233223,-0.0030953274108469486,-0.00025709898909553885,0.0016355226980522275,0.0037706748116761446,0.002928400645032525,0.0019663539715111256,0.000415567250456661,-0.0016695942031219602,0.0009946638019755483,-2.0463940018089488e-05,0.00014050207391846925,-0.00015453026571776718,-0.00034754278021864593,-0.00387383415363729,-0.0006031438824720681,-0.003683381248265505,0.003480808809399605,0.0001167382433777675,-0.0018028683261945844,-0.0013969746651127934,-0.0032169760670512915,-0.001812104950658977,-0.0027454658411443233,-0.003616429166868329,0.0026434198953211308,-0.0005222870386205614,0.0035537134390324354,0.001609747065231204,-0.0025574469473212957,-0.0030238304752856493,0.0006548771634697914,-0.0012663742527365685,-0.0003366303280927241,-0.002596689620986581,-0.0014543506549671292,-0.0029007887933403254,-0.0032639107666909695,0.0003032139502465725,0.00245099188759923,0.0034001003950834274,-0.0009648606646806002,0.0032787888776510954,-0.0003750499163288623,0.0015213792212307453,-0.0007970398291945457,0.0013261083513498306,0.001880020136013627,-0.00015031224756967276,0.00042246285011060536,-0.0001494505995651707,-0.0006252566818147898,0.0010436724405735731,-0.00177872518543154,-0.0018773158080875874,0.0020385421812534332,0.0006127522210590541,0.0030223815701901913,0.0026823750231415033,0.0022311429493129253,-0.0020237320568412542,0.0018558038864284754,0.0016099639469757676,0.0024493944365531206,0.0014983819564804435,0.002944238716736436,0.0009707944700494409,-0.0002644848427735269,-0.0006922425236552954,0.001912589417770505,0.002428886480629444,-0.0019350653747096658,-0.0004468269180506468,0.0012268231948837638,-0.00018764993001241237,0.0005570787470787764,0.0032900867518037558,0.0015425769379362464,0.0029572504572570324,-0.00140473956707865,-0.0030076769180595875,-0.0005459189997054636,0.0033828027080744505,-0.0011573141673579812,-0.0013059665216132998,0.0025624313857406378,-0.00032329055829904974,-0.00039227661909535527,0.00017537518579047173,0.003430740674957633,0.0033499696291983128,0.0010307420743629336,0.002372901886701584,-0.002534852595999837,0.0033495763782411814,-0.0036290017887949944,0.003055900102481246,0.00321561424061656,-0.0018634697189554572,0.0037953262217342854,-0.00046814020606689155
3,-0.002331448718905449,0.0033965196926146746,-0.0024965526536107063,-0.0018045719480141997,-0.003547412110492587,-5.3288971685105935e-05,-0.001797560602426529,-0.0021480272989720106,-0.0032411515712738037,-0.0017037874786183238,-0.0036613617558032274,-0.0004305435868445784,-0.0015061531448736787,-0.0021104433108121157,0.0002547833719290793,0.0020406413823366165,-0.0006201358628459275,0.00188189756590873,0.003093670355156064,-0.003055936424061656,0.0013764449395239353,-0.0031768810003995895,0.001457876875065267,0.0009229863062500954,0.0024363850243389606,-0.0011751787969842553,-0.0018924783216789365,-0.0017369526904076338,-0.002159135416150093,0.002474017208442092,-0.0028330902568995953,-0.0017302631167694926,0.0011321926722303033,0.002563642105087638,0.0011796068865805864,0.0002746596001088619,-0.00034781318390741944,-0.003452141536399722,0.0018472718074917793,0.0003523408668115735,-0.0019767191261053085,-0.0019047195091843605,0.0018868157640099525,-0.0023746141232550144,-0.0005613737157545984,-0.0006907604984007776,-0.0019181401003152132,0.00036004462162964046,-0.0007339744479395449,-4.0639148210175335e-05,0.0035030972212553024,-0.0014292658306658268,-0.0017395057948306203,-0.002665039384737611,0.0013401252217590809,0.0035652255173772573,-0.0037165977992117405,-0.0025160142686218023,0.002537874737754464,-0.0025336137041449547,-0.0022127621341496706,0.0010108452988788486,-0.003193671815097332,0.0006116803269833326,0.00041260523721575737,-0.0005824808613397181,0.002911635208874941,-0.0022282623685896397,-0.003014781977981329,-0.0023249411024153233,0.0031134358141571283,-0.0006782747223041952,0.001835731090977788,-0.0035246131010353565,-0.002519868779927492,0.0023329949472099543,-0.00026191395591013134,-0.0008573405211791396,0.00291319633834064,-0.0033480997662991285,0.0031537178438156843,-0.0025014348793774843,-0.003420001594349742,0.0003807285684160888,0.0004927393165417016,-0.0019711325876414776,0.0008372728480026126,-0.0006809793994762003,0.002702639903873205,-0.0016014971770346165,-0.0027982941828668118,-0.0026783798821270466,0.002415801864117384,-0.0016462670173496008,0.0012389462208375335,-9.582865459378809e-05,0.003215119941160083,0.0007859997567720711,-0.003776474157348275,-0.0032731397077441216,0.0013228466268628836,0.0008222737233154476,-0.0037845394108444452,0.0025133199524134398,0.001951897982507944,0.0001836906303651631,0.0003985116200055927,0.0035616897512227297,0.003809246001765132,-0.0027432560455054045,0.002549320226535201,0.0034848018549382687,-0.0015723730903118849,0.002150563756003976,0.0032129050232470036,-0.003902024356648326,-0.002132045105099678,0.0029236488044261932,-0.0009867839980870485,0.0018954443512484431,-0.0008821895462460816,0.001091459416784346,-0.0033148874063044786,-0.0018333749612793326,-0.0011854807380586863,-0.002283412264660001,-3.0855200748192146e-05,0.0029324134811758995
4,0.0026123826391994953,0.003358624642714858,-0.0010359385050833225,0.0003101016045548022,0.002103080740198493,0.003052215790376067,0.0016181112732738256,-0.0019080770434811711,-0.003830031491816044,-0.003469852963462472,-0.0028932150453329086,0.0008677794830873609,-0.0036462710704654455,-0.0037118177860975266,0.00116142095066607,-0.0018740353407338262,-0.0006838199333287776,0.0028361883014440536,0.0007356918067671359,0.0005711564444936812,-0.0025787262711673975,0.0009766987059265375,0.0006673504249192774,0.0001420727785443887,-0.0025454626884311438,-0.002435422968119383,-0.00026991270715370774,7.201464177342132e-05,-0.0007775002159178257,0.000554171740077436,0.002132172929123044,-8.110487397061661e-05,-0.0037682540714740753,0.00011716446169884875,-0.0004681991704273969,-0.003274753224104643,0.002278530038893223,6.984664651099592e-05,-0.003437912790104747,0.0023734637070447206,-0.0013430744875222445,-0.001296955975703895,0.0002813338069245219,0.0015413627261295915,-0.0022775714751333,0.002503259340301156,0.0017398456111550331,0.0026377015747129917,0.0011166289914399385,-0.001992257311940193,0.0025584837421774864,-0.0033734578173607588,0.0001555838098283857,-0.002936252159997821,0.0006225868710316718,0.00022128695854917169,-0.0010372940450906754,-0.0011766768293455243,0.0005928730824962258,-0.0008223441545851529,-0.001834514201618731,0.002374044619500637,-0.001077234628610313,-0.00037777330726385117,0.0016673741629347205,-0.002055149059742689,0.002743571065366268,-0.0033723399974405766,0.0013440706534311175,-0.00017358209879603237,-0.0009578691096976399,0.0016354384133592248,-0.00012568250531330705,0.0012862805742770433,-0.0007980657392181456,0.0010286440374329686,-0.0029532986227422953,0.0003395800304133445,-0.0002280556655023247,-0.001175119774416089,-1.7176882465719245e-05,4.067071131430566e-05,0.00018910977814812213,0.0022067760583013296,0.001950079225935042,-0.0030262134969234467,-0.0023024354595690966,-0.0006057237042114139,-0.0035436181351542473,-0.0010241189738735557,0.002809039782732725,-0.002350469818338752,-0.0006038186838850379,-0.001679186592809856,0.003281221492215991,-0.00018809581524692476,-0.0017406789120286703,-0.0032119599636644125,0.0011199194705113769,-0.0031899474561214447,0.002344775479286909,0.00011004306725226343,-0.003739283187314868,0.002748364582657814,-0.003615796100348234,0.003350307699292898,0.001439681276679039,-0.0018541995668783784,-0.003660693531855941,-0.002386289183050394,-0.003094428451731801,-0.002782728523015976,2.0979632608941756e-05,0.001527034561149776,-0.002526426687836647,0.001353106345050037,0.003242106642574072,0.0009205221431329846,-0.002594111952930689,0.003032451728358865,0.003497170051559806,-0.0034216034691780806,0.0010445854859426618,0.00048071518540382385,-0.0020418744534254074,-0.0028884708881378174,-0.0032923901453614235,0.003831111826002598
5,-0.0036557503044605255,-0.0007714632083661854,0.0007266397587954998,-0.0009754668571986258,-0.0018520044395700097,-0.0005201648455113173,0.001528463908471167,-0.0025188508443534374,0.00283505255356431,0.001557804993353784,0.0038931285962462425,0.0034778928384184837,-0.0013862644555047154,-0.00019431258260738105,0.0011944889556616545,0.0002258496533613652,-0.0033536944538354874,0.0013474783627316356,0.0013276714598760009,-0.0033186376094818115,-0.00032756951986812055,-0.0025990470312535763,0.0017690669046714902,-0.0035463517997413874,0.0010232782224193215,-0.002863857662305236,-0.001730200252495706,0.0035432272125035524,-0.0022355394903570414,0.003187640570104122,0.0021132221445441246,0.002472150372341275,-3.25306027662009e-05,0.002801998984068632,-0.0017482084222137928,0.0006229202263057232,0.0028958215843886137,0.002650097943842411,0.002577128354460001,-0.0008757454925216734,-0.001690078410319984,-0.001423159264959395,0.001787265995517373,-0.002809712430462241,-0.0012389820767566562,-0.0008772378787398338,-0.003551257774233818,-3.7586338294204324e-05,0.0015239906497299671,0.0018935657572001219,0.001358486944809556,-0.003267904743552208,-0.002735945861786604,0.0034880046732723713,0.002983579644933343,-0.0038012880831956863,-0.0038172854110598564,-0.003079324960708618,0.0029599673580378294,-0.0033417397644370794,-0.0038688157219439745,0.0030857014935463667,-0.0015547953080385923,0.0004833701823372394,-0.003520986530929804,0.002691081492230296,0.0008970220806077123,0.0036103418096899986,0.0010964598041027784,-0.0010260100243613124,-0.0001908497215481475,-0.0006879243883304298,-0.0034938552416861057,-0.0036391401663422585,-0.001197420759126544,-0.0036949841305613518,-0.002893500728532672,0.0006128294044174254,-0.00039867960731498897,-0.00128766312263906,-0.003849975997582078,0.0018040286377072334,-0.002860933542251587,-0.0008296662126667798,0.0034469999372959137,0.0010904362425208092,0.00035546228173188865,-0.000325323868310079,0.0023918654769659042,-0.0022265370935201645,0.003300839802250266,-0.0017936674412339926,-8.600948058301583e-05,0.0028916599694639444,0.0026965299621224403,0.00011117425310658291,-0.0025537151377648115,0.003841699566692114,0.0009789116447791457,0.0008060118416324258,-0.0037306675221771,0.000465434102807194,-4.181106487521902e-05,0.0012554996646940708,-0.003540452104061842,0.002281459281221032,-0.0013998402282595634,0.003494389122352004,-0.002030319068580866,-0.0001106285271816887,0.00241699512116611,-0.0037776867393404245,-0.000531391182448715,-0.0010751929366961122,0.0001250099012395367,-0.0006660144426859915,0.001641255570575595,0.0005222068866714835,-0.002016525249928236,-0.0030556677374988794,0.0021288092248141766,-0.003533904207870364,0.0012202159268781543,-0.0011017302749678493,-0.00038362943450920284,0.0019714562222361565,0.0030020514968782663,-0.002353175776079297
6,0.0010144823463633657,-0.0028559695929288864,-0.0018672471633180976,-0.0005832099705003202,-0.003120935522019863,0.003340906696394086,0.00045326887629926205,-0.002069799927994609,-0.00015913401148281991,-0.0023936729412525892,-0.00037286250153556466,0.0009140560869127512,7.483453373424709e-05,0.0025393052492290735,-0.0035544910933822393,-0.0012927916832268238,-0.0035005775280296803,-0.0019703470170497894,0.002685063984245062,0.0036999944131821394,-0.0034062573686242104,-0.003127733012661338,-1.1646388884400949e-05,-0.0037753612268716097,0.0022564746905118227,0.0023249865043908358,-0.0012104372726753354,0.0007637510425411165,0.0003465950721874833,0.002419149037450552,0.0030083428137004375,0.0020926683209836483,-0.003853678237646818,-0.00246724602766335,0.0010903787333518267,0.00096946454141289,0.0006117800949141383,0.0015938379801809788,-0.0005967247416265309,-0.003145058872178197,-0.002605220302939415,-0.002914841054007411,-0.00043301761616021395,-0.0032916173804551363,-0.0032242590095847845,-0.002061691600829363,-0.0018114225240424275,-0.00323023134842515,0.0005005252314731479,-0.0007444328512065113,-0.003601783886551857,-0.0020508940797299147,0.0008791740401647985,0.0002786598342936486,0.0004913631710223854,0.0018013808876276016,-0.002798639703541994,-0.0010560088558122516,0.0003561584744602442,-0.0035320559982210398,0.00034339912235736847,-0.0011113821528851986,0.002188645303249359,-0.0010340324370190501,-0.00013086546096019447,0.003265799954533577,-0.00012208105181343853,-6.659775681328028e-05,-0.003522623796015978,0.0012064358452335,0.0034365940373390913,0.001043461263179779,-0.0015966487117111683,-0.003112295176833868,-0.0026301054749637842,-0.003202200634405017,0.0016638137167319655,-0.0029809654224663973,0.0025479483883827925,-0.0015707899583503604,0.00353268813341856,-0.0020510742906481028,0.0007062433869577944,0.0026076771318912506,0.0017835594480857253,-0.0021815672516822815,0.000972389243543148,0.0020523567218333483,-0.00021045524044893682,0.0010582600953057408,0.0009081030730158091,-0.00341963954269886,0.002199612557888031,-0.0030667956452816725,-0.0006833804654888809,-0.0032021263614296913,0.0028424281626939774,0.003914643079042435,-0.0030269899871200323,0.0011425805278122425,-0.0010731375077739358,-0.0010509687708690763,-0.0028495166916400194,0.0009947230573743582,-0.0007919910713098943,0.0016216128133237362,0.003552559297531843,-0.0012496538693085313,0.0013444556389003992,-0.002917615231126547,-0.0006656566984020174,-0.0005574544193223119,-6.839987327111885e-05,3.184335946571082e-05,-0.002420968608930707,-0.002180021023377776,0.0038802893832325935,0.0007580321980640292,0.0025088207330554724,0.0019934470765292645,0.0020380497444421053,-0.003384060226380825,-0.002075216034427285,0.0022474341094493866,0.0030607138760387897,-0.001036476925946772,-6.537126864714082e-06,0.003106784075498581
7,-0.001310931984335184,0.0024731429293751717,0.00019684199651237577,-0.001699266373179853,-0.0017715347930788994,-0.0019527272088453174,0.003884301520884037,0.002821488305926323,0.0005059689283370972,-0.0026795181911438704,-0.0008622132590971887,-0.0038940906524658203,-0.0005914075300097466,-0.0006985903601162136,0.0015555099816992879,0.0002884180285036564,0.0013221348635852337,0.001559144933708012,0.0010305081959813833,0.0010971571318805218,-0.0016190212918445468,-0.00139459571801126,-0.0013576834462583065,0.00033871736377477646,-0.0030010510236024857,0.0004554199695121497,-0.0015223855152726173,0.0001826482912292704,0.0013830552343279123,0.0006787528400309384,-0.003001145087182522,0.0032031023874878883,-0.0028068586252629757,0.0030952238012105227,-0.0007068559643812478,0.0020388264674693346,-1.3649671018356457e-05,2.2395191990653984e-05,-0.0012567994417622685,0.0017530198674649,0.003295038128271699,-0.0013531566364690661,-0.002277103951200843,-0.0006046147900633514,0.0036738370545208454,0.0008146383333951235,-0.00371576938778162,-0.0012611631536856294,-0.0019464910728856921,-0.0006861757719889283,0.0017343263607472181,-0.0011467256117612123,0.0020669258665293455,-0.0015405217418447137,-0.000869758368935436,-0.0026949967723339796,-3.0329989385791123e-05,-0.003725456539541483,0.0035622280556708574,-0.0005471152835525572,-0.001236847136169672,-0.001557599869556725,-0.0028363647870719433,0.0009012443479150534,0.002579262712970376,0.0004650091577786952,0.0021444896701723337,0.0038530060555785894,-0.0023075323551893234,-0.001008400577120483,0.0004486929683480412,-0.00257304054684937,0.00033791878377087414,-0.002176998881623149,-0.0006238585920073092,0.0018087791977450252,0.0009213580633513629,0.002181063871830702,-0.0036098638083785772,-0.002865834394469857,0.0016965329414233565,0.002803656505420804,0.0029285382479429245,0.000458052585599944,-0.0035254377871751785,0.0018157095182687044,-0.0019391401438042521,-0.0003021116426680237,0.00038240832509472966,-0.0038652971852570772,0.003781873034313321,-0.0037571892607957125,-0.0032765131909400225,-0.003009144915267825,0.003201327985152602,0.0009727288852445781,-0.0020124120637774467,0.0002108433109242469,1.556501774757635e-05,0.0014576197136193514,0.0037999495398253202,-0.0021263950038701296,0.0008675499702803791,-0.0013537477934733033,-0.0017330159898847342,0.0016422061016783118,-0.001584614277817309,0.002646146807819605,-0.00277638784609735,0.0017734018620103598,-0.0007264877203851938,-0.003286122577264905,-0.0033183926716446877,0.0009128775564022362,-0.0011514774523675442,0.003150013042613864,-0.0007930296123959124,0.003308869432657957,0.003727090312168002,-0.0031259332317858934,-2.7037462132284418e-05,-0.0007083623204380274,0.0016091051511466503,0.000837259809486568,-0.0008593627135269344,0.003192115807905793,0.0018339715898036957,0.0013915183953940868
8,0.0021500345319509506,-0.0013818071456626058,0.003598584095016122,0.003801572835072875,-0.002014545723795891,-0.0011165731120854616,-0.0018841137643903494,-0.0013151199091225863,-0.0008305765804834664,0.0021387306042015553,-0.0013277067337185144,-0.002599664032459259,-0.002191373845562339,-0.00042057677637785673,-0.0016081209760159254,-0.0005472106859087944,0.002749894978478551,-0.0036042046267539263,-0.0002023590641329065,0.003812145907431841,0.0007415121654048562,0.0038497615605592728,-0.00026809435803443193,0.0021741436794400215,0.0010701303835958242,0.00036392122274264693,-0.0032574536744505167,0.00011835935583803803,-0.0014926583971828222,-0.0035134616773575544,-0.001412798068486154,0.002883566077798605,-0.0010671643540263176,-0.0012392443604767323,0.0018182160565629601,-0.0037695281207561493,0.0033230322878807783,-0.0026321979239583015,-0.0020158400293439627,-0.002581070875748992,0.0037640323862433434,-0.0014778636395931244,-0.0026922307442873716,0.0009511887328699231,-0.0033429472241550684,0.0018027456244453788,-0.002897802973166108,0.0025751700159162283,0.0013278103433549404,-0.002937121782451868,0.002722370671108365,0.0010779843432828784,0.001928407815285027,0.0008640592568553984,-0.0022954605519771576,-0.002944310661405325,0.0015407201135531068,-0.003249939065426588,0.0023715852294117212,0.0014917254447937012,-0.0015729297883808613,-0.003019747557118535,-0.003381148213520646,-0.003223065985366702,-0.003810539375990629,0.0006606437382288277,0.0023356417659670115,0.003364493837580085,-0.0021784347482025623,0.00045301756472326815,-0.002865238580852747,-0.0010420430917292833,0.0003356634988449514,-0.0005822494858875871,0.0015624305233359337,0.0011997544206678867,0.0035152710042893887,0.0035828303080052137,0.0017117721727117896,-8.777817129157484e-05,0.0004052812000736594,0.0013157578650861979,0.003762996755540371,0.0028002785984426737,0.0023139070253819227,0.0011994207743555307,0.0008096954552456737,-0.0015911415684968233,-0.0037038796581327915,0.002106667263433337,-0.003321495372802019,-0.0011115266242995858,-0.0001302635355386883,0.0025594853796064854,0.0031598047353327274,-0.0013810483505949378,0.003754006465896964,-0.0004686559841502458,0.001016646041534841,0.0038216703105717897,0.0034009243827313185,0.0038230407517403364,-0.00028511547134257853,0.0021057813428342342,-0.0012716162018477917,-0.002816492225974798,-0.003655608044937253,0.00045121039147488773,0.0032927803695201874,0.0030500583816319704,-0.0009211142896674573,5.5603890359634534e-05,-0.002851241733878851,0.0007091709412634373,0.003782748244702816,0.0018288487335667014,0.0019200410461053252,-0.0013965029502287507,0.0024708618875592947,0.0017546432791277766,0.0038306335918605328,0.003775377059355378,0.0027279614005237818,-0.0026100310496985912,0.0005102073773741722,0.0035324376076459885,0.0025248343590646982,-0.0015511809615418315
9,0.003323346609249711,0.0020331828854978085,-0.003786006011068821,0.00128467776812613,0.0003817774122580886,-0.0018559856107458472,0.002733816858381033,-0.0032303023617714643,0.0004615519428625703,0.0015737148933112621,-0.0023623111192137003,-0.0022695467341691256,0.003257462289184332,-0.0012352459598332644,-0.0008186576305888593,-8.305151823151391e-06,-0.0014905199641361833,0.0027984301559627056,-0.0009306283318437636,0.0005677652661688626,-0.0006930171512067318,0.0025294709485024214,-0.001354084350168705,-0.0036859214305877686,0.0014852792955935001,-0.000815307255834341,-0.0028631272725760937,0.002256026491522789,-0.00017216699779964983,-0.0004449566768016666,0.0032471490558236837,-0.0011954590445384383,-0.0028110623825341463,-0.002562532899901271,-0.0005204267799854279,-7.714051025686786e-05,-0.0026493119075894356,0.0018085113260895014,-0.0004096011689398438,-0.002987535437569022,-0.0004671314381994307,-0.0004910549614578485,0.0022090126294642687,0.002207831246778369,-0.002286707516759634,0.0021297091152518988,0.0016409442760050297,0.0026021338999271393,0.003404872491955757,0.0015515837585553527,1.2742016224365216e-05,-0.0028033277485519648,0.001193435164168477,-0.003000707598403096,0.0024280643556267023,0.002488847356289625,0.0028806228656321764,-0.002022551605477929,-0.001277423813007772,0.0030718441121280193,0.0035721687600016594,-0.002895892597734928,0.0009087887592613697,-0.0024507581256330013,0.0002640964521560818,0.0011797407642006874,0.002021359745413065,-0.0024827299639582634,-0.00028885650681331754,0.0018230347195640206,0.0006519620073959231,-0.00016499074990861118,0.0009664453682489693,-0.001891047926619649,0.0025555123575031757,0.002424095291644335,-0.0030332906171679497,-0.0008035246864892542,-0.0034244265407323837,0.002755263587459922,0.0011803427478298545,0.0026350952684879303,0.003427914809435606,-0.002460070652887225,0.002618930069729686,-0.0021233675070106983,0.0012483627069741488,0.00012584672367665917,0.003322758013382554,0.003053599037230015,0.0026674901600927114,-0.0015123890480026603,-0.0028612178284674883,-0.0018138394225388765,-0.003006101818755269,0.00347143760882318,0.001630862127058208,0.000987317180261016,0.001892048167064786,0.0022839156445115805,-0.002593085402622819,-1.831365989346523e-05,0.0029310830868780613,-0.0033285128884017467,0.002101004356518388,0.003917185589671135,-0.0030867380555719137,-0.0021713939495384693,-0.0030004936270415783,-0.003612257307395339,-0.001006407430395484,-0.0006373065989464521,0.0009983779164031148,0.0029388153925538063,0.002674733754247427,0.001454774523153901,-0.003411864163354039,-2.5608947908040136e-05,0.002027766080573201,-0.002094570780172944,-0.002506791613996029,0.002219018992036581,-0.0035553437191993,0.0025602870155125856,-0.002136657014489174,5.271530244499445e-05,-0.003242956940084696,-0.0008405809057876468
10,0.0033319860231131315,0.0024020697455853224,0.003197283949702978,0.0025317564141005278,0.00035402114735916257,-0.001102725393138826,-0.002234880579635501,-0.002841786714270711,-0.002075510798022151,-0.0026932810433208942,0.0014790073037147522,0.0027127941139042377,0.0012956823920831084,0.0024091629311442375,-0.0029752440750598907,-0.0028892061673104763,-0.0001619066169951111,0.0012391414493322372,0.0021181374322623014,-0.0017197240376845002,-0.0035404134541749954,0.0031795238610357046,0.0005641359020955861,-0.0007497439510188997,0.002226497745141387,0.0012921070447191596,0.001787254004739225,-0.0029383411165326834,0.0009445084142498672,-0.0014671320095658302,-0.003796263597905636,-0.0025456957519054413,0.0032692677341401577,0.0024147015064954758,-0.0001128291551140137,0.002509470097720623,0.0021992221008986235,0.0032764647621661425,0.0031779997516423464,-0.003820735728368163,-8.285305739264004e-06,-0.0037487593945115805,0.0013458519242703915,-0.00044682150473818183,-0.0025893142446875572,-0.002003005240112543,-0.003698349930346012,0.002227111952379346,0.0018962585600093007,0.0006824141601100564,0.0036951464135199785,0.0029445441905409098,-0.0033713928423821926,-0.00020514866628218442,0.00343389343470335,0.0011838047066703439,-0.003840951481834054,0.0010166771244257689,-0.0022750638891011477,-9.954027336789295e-05,-0.00367387174628675,0.0012377385282889009,-0.0008240056340582669,-0.003445873036980629,0.0007439014152623713,0.001256398856639862,-0.0019300825661048293,-0.0020552780479192734,0.0013785235350951552,0.0012463107705116272,0.0007684072479605675,-0.00027416759985499084,-0.00046343455323949456,-0.0018516299314796925,-0.0025729849003255367,-0.00010936790204141289,0.0010339942527934909,0.0037019457668066025,-0.0009438373381271958,-0.00037512416020035744,0.0024759366642683744,-0.0019993563182651997,0.0011385525576770306,-0.003631883068010211,-0.0014497842639684677,-9.838560072239488e-05,-0.003522217273712158,-0.0037170620635151863,0.002249538665637374,-0.0014623005408793688,-0.002140737371519208,-0.003601645352318883,0.0013788429787382483,-0.003907178062945604,-0.003514379495754838,-0.0005875342758372426,-0.0030029923655092716,-1.7361831851303577e-05,0.0006174204172566533,-0.0030001727864146233,-0.0009001752478070557,0.0032018772326409817,0.000878496968653053,-0.0022308980114758015,-0.002649906324222684,0.0019519842462614179,-0.0031647812575101852,0.0034340175334364176,-0.0036555547267198563,0.000856913800816983,-0.001632572733797133,-0.0010907946852967143,-0.0031270442996174097,0.003817168064415455,-0.0023084604181349277,0.0013978690840303898,-0.002835184335708618,0.0027881378773599863,-0.00022524983796756715,-0.0020585786551237106,-0.0029848406556993723,-0.002618913073092699,0.0004610827600117773,0.001745096524246037,-0.0034490288235247135,-0.002311409916728735,0.0026680296286940575,-0.0005353629239834845
11,-0.0032597221434116364,-0.0015729897422716022,-0.00011436002387199551,-0.0019873653072863817,-0.0009788034949451685,-0.0024600340984761715,0.003286295337602496,0.0012571049155667424,0.0024453264195472,-0.000924356805626303,-0.0014217512216418982,-0.0028844827320426702,0.00020286756625864655,0.00036982703022658825,0.0010176373180001974,0.001993676647543907,-0.00219061691313982,0.0018443954177200794,-0.0013666147133335471,0.0035352306440472603,-0.0007271948270499706,0.0035729375667870045,0.0036739700008183718,0.0020315407309681177,-0.0030814066994935274,-0.0037443845067173243,0.002220466732978821,-0.0022470662370324135,0.0023919197265058756,0.0013382976176217198,-0.0017169690690934658,-0.003673797007650137,-0.0013996596680954099,0.000134305635583587,-0.0035118991509079933,-0.0008476240327581763,-0.002036324003711343,-0.0010998367797583342,-0.0005330860731191933,-0.0022366272751241922,-0.002454474801197648,-0.0036945834290236235,-0.001589866471476853,-0.0008336519240401685,-0.0022046815138310194,-0.0030650701373815536,-0.0012521118624135852,0.0015951375244185328,0.0033892816863954067,0.002373850904405117,-0.0010222935816273093,0.0016839684685692191,-0.0014663567999377847,0.0012954837875440717,-0.0012881153961643577,0.0013372766552492976,0.0006126337684690952,0.0030862041749060154,-0.0021867055911570787,0.0015619238838553429,0.0014629615470767021,0.0008198792347684503,0.000850492506287992,0.0025744615122675896,0.0025978756602853537,-0.001399097964167595,-0.003331421408802271,-0.0008101356215775013,0.0015858735423535109,-0.0010657901875674725,0.002670131390914321,-0.0014306459343060851,0.002525577088817954,0.003067184239625931,-0.0005372542073018849,0.00010921694774879143,-0.0005475915386341512,-0.001921021263115108,0.0008141975849866867,0.0021133837290108204,-0.002945302752777934,-0.0033154156990349293,-0.0013487173710018396,-0.0012745795538648963,0.00225520390085876,-0.0020382015500217676,0.002184848301112652,-0.00011840867955470458,0.0008964510052464902,-0.00017405305698048323,-0.003551994450390339,0.0032364472281187773,0.0031549264676868916,-0.0023218782152980566,-0.0022934169974178076,-0.0035722723696380854,-0.003862632205709815,0.00267963157966733,-0.001480625243857503,-0.0028702071867883205,0.003257771721109748,-0.0005486853769980371,-0.0038435582537204027,0.0026057909708470106,-0.001837360323406756,0.002303164917975664,-0.001205218955874443,-0.0018145510694012046,-0.0008088742615655065,-0.003871162422001362,0.0005182265886105597,0.0006111676339060068,0.0035579020623117685,0.0027478865813463926,0.0030917960684746504,-0.0018743871478363872,0.001331557985395193,-0.0017062973929569125,-0.0014052974293008447,-0.002611222444102168,0.0022901147603988647,0.002378120319917798,0.0025506685487926006,0.0007135237683542073,-0.000753212661948055,0.00011204349721083418,0.002757221693173051,0.003775750519707799
12,-0.0003775330842472613,0.0013763717142865062,-0.003144944319501519,-0.0019618994556367397,0.001752670155838132,-0.001443176413886249,-0.0016436943551525474,-0.0005889791646040976,0.0034396881237626076,-0.00016979550127871335,0.0004932772717438638,0.00018348218873143196,0.0021735848858952522,-0.001259438693523407,-3.257954813307151e-05,0.0023747673258185387,-0.003319944255053997,-0.0013607250293716788,-0.003558018710464239,-0.0018345224671065807,0.003242668230086565,0.002139786956831813,0.0026807845570147038,0.0029305038042366505,0.002700967248529196,-0.0018722552340477705,-0.0035331251565366983,0.002616038080304861,0.0013280449202284217,0.0024032453075051308,0.0018980621825903654,0.0012861101422458887,-0.002306599635630846,0.003036071779206395,0.002845753449946642,0.0022077765315771103,-0.0016632030019536614,-0.0006614615558646619,0.0018547303043305874,0.002435897709801793,-0.003883465426042676,0.0019120671786367893,-0.0026206669863313437,0.0009698166977614164,-0.002631327137351036,0.0012285539414733648,0.002054358134046197,0.003185800975188613,0.0030571657698601484,-0.00206729001365602,-0.002147043589502573,-0.0019705684389919043,-0.0009340252727270126,0.0007623330457136035,0.003536350093781948,-0.002409277018159628,-0.002092476934194565,0.0018564924830570817,-0.0016826161881908774,-0.0008095518569462001,-0.0022839901503175497,-0.001543799415230751,0.0016942108049988747,0.0017215113621205091,-0.002405446721240878,-0.002595600439235568,-0.0020882843527942896,0.0004304649482946843,-0.0010763040045276284,-0.0013370215892791748,0.0029826276004314423,-0.0010648129973560572,-0.002498939633369446,0.0035190884955227375,-0.0004811702237930149,0.0023900370579212904,0.0011947191087529063,-0.002065523760393262,0.003568263491615653,-0.002931582508608699,0.0007482279324904084,-0.0027443361468613148,-0.00247602304443717,0.0034519208129495382,0.003020684467628598,0.000737853639293462,-0.0013129358412697911,0.0004559835942927748,0.002422874793410301,0.0021653342992067337,0.0017918131779879332,0.0017282133921980858,-0.002067079534754157,-0.001758532365784049,-0.0022803235333412886,-0.0019543201196938753,-0.0019687507301568985,-0.0013252879725769162,-0.0021290327422320843,-0.0033567145001143217,0.0021136277355253696,-0.0016320343129336834,0.002766949124634266,0.001882988028228283,-0.0004016730817966163,-0.000893249234650284,0.0038910654839128256,0.0021207809913903475,-0.002352889394387603,-0.0036195258144289255,-0.001576818060129881,0.0013445313088595867,-0.0015884179156273603,0.0011430029990151525,-0.0010689861373975873,0.0013854041462764144,-0.0008973116055130959,-0.0022682941053062677,-0.0011466474970802665,0.0006399561534635723,0.0006910138763487339,0.0024133496917784214,-0.00031430454691872,-0.0014605439500883222,-0.0037228025030344725,-0.0019972408190369606,-0.003205646527931094,-0.0004878054023720324
13,-0.00048719425103627145,0.0014877674402669072,-0.002415184397250414,-0.0011252504773437977,-0.002843189984560013,-0.0020443627145141363,0.0012536603026092052,-0.0008732097339816391,0.001822824589908123,-0.0017159105045720935,0.0011717096203938127,0.003496488556265831,-5.998772394377738e-05,-0.003694137092679739,-0.0038944801781326532,-0.0026707593351602554,-0.002024854766204953,0.00184258830267936,2.348603266000282e-05,0.0028783422894775867,0.0010515291942283511,-0.0017628157511353493,-0.003270638408139348,-0.0020441985689103603,8.032842015381902e-05,-0.0031757918186485767,0.0029687765054404736,0.0012882633600383997,-0.002602014923468232,-0.0036132144741714,0.0006313277990557253,-0.000985604478046298,0.0032331272959709167,-0.0030816709622740746,0.0012685166439041495,-1.952576894836966e-05,-0.003635516157373786,0.001982933608815074,0.0003417246916797012,0.0005986672476865351,-0.0032732204999774694,-0.0024140372406691313,-0.0008724857470951974,-0.003439079038798809,-0.0019218757515773177,-0.0020962893031537533,0.001740306499414146,0.0008883146801963449,0.0016090619610622525,0.0014741389313712716,-0.0036910835187882185,0.0019385464256629348,0.0005970653146505356,-0.003533715382218361,-0.0019926733803004026,0.000721908756531775,-0.003468876937404275,-0.0026935578789561987,0.00359263364225626,0.002641951199620962,-0.0016386976931244135,-0.0031121266074478626,0.0005669565289281309,-0.0010687799658626318,0.0032472889870405197,-0.0035922254901379347,-0.0013597006909549236,0.0013314065290614963,-0.0017965073930099607,0.0009331659530289471,0.003679021494463086,-0.002651891438290477,-0.0015620107296854258,0.002104566665366292,-0.00319201173260808,-0.0016715213423594832,-0.0036522720474749804,0.0007691337377764285,-0.0009282769751735032,0.00313440035097301,-0.0019964457023888826,-3.634358290582895e-05,-0.003692829282954335,0.0005832308088429272,0.0017592785879969597,0.002381047233939171,-0.0021940679289400578,-0.0011975871166214347,-0.00010444887448102236,-0.0019301753491163254,0.0006807288737036288,-0.001906400779262185,-0.0021113380789756775,0.0007340298616327345,-0.0002622806641738862,0.001685794093646109,0.0002953725343104452,-0.0024913439992815256,0.0029272479005157948,0.000958913064096123,-0.0028117545880377293,0.0010916863102465868,0.0007206700975075364,-0.000472946441732347,-0.00048377702478319407,-0.002211443381384015,0.001473361044190824,0.002485981909558177,0.0028402351308614016,0.0013631146866828203,0.003829331835731864,0.003585334401577711,-0.00209588254801929,0.0028697338420897722,-0.0017244734335690737,-0.0018246700055897236,-0.0003278328513260931,-0.0014778019394725561,0.0017937803640961647,0.0023485529236495495,0.0017088227905333042,0.0007998526562005281,-0.001835086615756154,0.0004447388637345284,-0.003504099091514945,-8.688303205417469e-05,0.00318759772926569,5.4031730542192236e-05
14,1.39423027576413e-05,-0.0011796366889029741,-0.001868323888629675,0.00012278836220502853,0.00288985762745142,0.00310795777477324,0.0036670456174761057,-0.00169476680457592,0.003467994276434183,-0.0012585587101057172,0.0024835290387272835,0.00011579831334529445,-0.0018925238400697708,0.002881714142858982,-0.0011826662812381983,-0.0019709989428520203,-0.0024761289823800325,-0.0038752425462007523,0.0019431737018749118,-0.0014474904164671898,-0.00082058843690902,0.0034366075415164232,-0.0028870177920907736,0.0027638147585093975,-0.002664023544639349,0.0024359889794141054,0.0024968842044472694,0.00029012237791903317,-0.002559707732871175,-0.0017292510019615293,-0.0029903457034379244,0.00040014772093854845,-0.002008604584261775,0.003794959979131818,-0.0023333095014095306,-0.0023823734372854233,0.002702370984479785,-0.0013476313324645162,0.002778531052172184,0.0005519158439710736,0.002786154393106699,-0.0019082044018432498,0.0014781089266762137,0.0034595192410051823,0.0012958188308402896,0.0017177182016894221,0.002849909011274576,-0.0015309869777411222,-0.00037991232238709927,0.00036960496800020337,-0.002105126855894923,-5.7661571190692484e-05,0.0004441816417966038,-0.0011548914480954409,-0.0028130095452070236,0.0036322304513305426,0.001462725573219359,0.0017009662697091699,-0.0010231652995571494,-0.0013821411412209272,-0.0017169403145089746,-0.0037391174118965864,0.0038075195625424385,0.0011805915273725986,-0.0032285021152347326,0.0009604506194591522,0.00024456740356981754,0.0013070410350337625,-0.002739732852205634,-0.00010023499635281041,0.0031502433121204376,-0.0018296607304364443,-0.0012963928747922182,-0.000567372830118984,7.085552351782098e-05,0.00349611253477633,0.002789519028738141,0.003005881095305085,-0.0023972680792212486,-0.0020486176945269108,0.0009636821341700852,-0.0025350223295390606,-0.003442278364673257,-0.002872932469472289,-0.0005267633823677897,-0.001220340491272509,-0.0030576554127037525,0.001136238221079111,-0.0030000703409314156,0.00043635806650854647,0.00237953569740057,0.0007036331226117909,-0.0031251301988959312,-0.0022015408612787724,-0.0032320127356797457,-0.00016701853019185364,0.001308940351009369,0.0037650635931640863,-0.0016896735178306699,-0.0032614506781101227,-0.0010715466924011707,-0.002297994215041399,-0.0025773753877729177,-0.003214198397472501,-0.0033925450406968594,0.0005387085839174688,-0.0010111687006428838,0.0004111649177502841,-0.0025463346391916275,0.0023435386829078197,0.002359333448112011,0.0017593534430488944,-0.0002840351953636855,-0.0024201173800975084,-0.0008344862726517022,0.0013694136869162321,0.0008229787345044315,0.003412537509575486,0.003455397207289934,-0.0020606224425137043,0.003790234914049506,0.0011569694615900517,0.0008334123413078487,-0.0028012865222990513,-0.0007146744756028056,0.0008073115604929626,-0.0019252035999670625,0.0020735871512442827
15,-0.0027559346053749323,0.0031281947158277035,0.0027228975668549538,0.00017378090706188232,0.0021159497555345297,0.003160012885928154,0.0026570865884423256,-0.00222206162288785,0.0007014929433353245,0.0005942341522313654,-0.0030538879800587893,0.0017025591805577278,-0.0012686640257015824,0.000880916602909565,0.001161474152468145,0.0027611644472926855,0.00043075604480691254,-0.0020530400797724724,-0.0024326660204678774,0.003919720184057951,0.0011659571900963783,-0.0009400142007507384,0.00046526320511475205,0.0006744390120729804,0.0016458970494568348,-0.0035829804837703705,0.00035109269083477557,0.00334059982560575,-0.0016348966164514422,-0.0006508061778731644,0.003599924733862281,0.0015983781777322292,-0.0037713965866714716,0.0010688924230635166,-0.0001827276573749259,0.0009554314892739058,-0.0024629004765301943,-0.002342886058613658,0.003182709217071533,-0.00310864788480103,-0.0032485758420079947,-0.0021845425944775343,0.0004284747701603919,0.003631289815530181,0.0037814276292920113,-0.001570239313878119,0.0029700719751417637,0.00233076186850667,0.002385786734521389,0.0012912083184346557,-0.0017418399220332503,0.0008439981029368937,0.003776892088353634,0.0012822262942790985,-0.0006065734196454287,0.0004480504721868783,0.0033965769689530134,-0.0006057602004148066,-0.0005393494502641261,0.0019666231237351894,0.002600389067083597,-0.0020290929824113846,-0.003061411902308464,-0.0004976526834070683,-0.002826818497851491,0.0031909337267279625,-0.0005470654577948153,0.002392927184700966,-0.003885940182954073,0.0030786849092692137,-0.0034908903762698174,-0.002779091475531459,-0.0010265469318255782,0.002277562627568841,-0.002380029298365116,0.003131191711872816,0.0018205989617854357,-0.003185970475897193,-0.0017272965051233768,0.0033511922229081392,0.0017403103411197662,0.0018188499379903078,0.001216917298734188,-0.0021310027223080397,0.0016526085091754794,-0.000403561134589836,-0.0018303198739886284,0.003443207126110792,0.0037565974052995443,-0.0018339790403842926,0.0025864550843834877,-0.00019517389591783285,-0.00039862666744738817,-0.0013102226657792926,0.0027717766351997852,0.003369112266227603,0.0007553451578132808,-0.0028067133389413357,0.00034171121660619974,-0.002191323321312666,-0.003562615253031254,-0.003528522327542305,-0.002412597183138132,-0.0019551252480596304,-0.00329727865755558,-0.0028810228686779737,0.0004386848595459014,0.002195315435528755,-0.003908841870725155,0.0014400334330275655,-0.000443984754383564,-0.002172471722587943,0.0034417312126606703,-0.002455941867083311,-0.0026134394574910402,-0.00031066921656019986,-0.00161068351007998,-0.0020637260749936104,0.002720147604122758,0.003804996609687805,-0.0024428756441920996,0.002216579392552376,-0.0012089329538866878,-0.002315049758180976,0.002724740421399474,-0.0026402061339467764,-0.0010970830917358398,-0.0013869564281776547
16,-0.00025950316921807826,0.0007418975001201034,-0.001921621966175735,0.0010910890996456146,-0.0030209491960704327,0.0014961124397814274,-0.001210664864629507,0.0023172206711024046,0.0018933264072984457,-0.0022905035875737667,-0.0015008811606094241,-0.0022945296950638294,5.972496001049876e-05,0.001107252319343388,0.000649307097773999,0.0009083993500098586,0.0010833109263330698,-0.0026765011716634035,-0.0015205035451799631,0.00023032177705317736,0.003704027272760868,-0.002459349110722542,0.0003082017065025866,-0.003379212226718664,0.003054969012737274,-0.0009874043753370643,-0.002044391119852662,0.0017925661522895098,0.0004790648818016052,-0.0011451924219727516,0.0034041753970086575,0.001513705588877201,0.00290412618778646,0.0009465024922974408,0.0023943446576595306,0.003313696477562189,0.003328405786305666,-0.0034604899119585752,-0.00168444006703794,-8.44798796606483e-06,0.0019224220886826515,-0.0024943125899881124,-0.0014176788972690701,-0.003790963441133499,-0.0034585867542773485,0.0030663113575428724,0.0035146160516887903,0.0036155495326966047,-0.0036003829445689917,-0.0021721669472754,-0.0003996682644356042,0.0008381596417166293,-0.002806906122714281,0.00306174554862082,0.0004524370306171477,0.0012638743501156569,0.0017693102126941085,-0.0001781516766641289,-0.0034907558001577854,-0.002800180111080408,-0.0017021801322698593,0.0019829776138067245,-0.0014247596263885498,0.00172743562143296,-0.0007332249660976231,-0.001742045977152884,0.00011512885248521343,0.0018533694092184305,-0.0038055088371038437,0.0029665378388017416,-0.0015871907817199826,-0.0003345076984260231,0.003191945841535926,-0.0023838782217353582,0.002063412917777896,-0.0033953688107430935,-0.0010314409155398607,-0.0018981281900778413,0.0007490719435736537,-0.002537207677960396,-0.0015219452325254679,-0.0030440252739936113,-0.00039050300256349146,-0.0029125348664820194,0.0015484155155718327,-0.0021909489296376705,0.0012171855196356773,-0.00029619329143315554,-0.000772137544117868,0.0032459739595651627,-0.0037083502393215895,0.003866450162604451,-0.002003635512664914,0.0019594032783061266,5.571119618252851e-05,0.001626930315978825,0.00018786397413350642,-0.0037018167786300182,-0.0015170787228271365,0.003320812713354826,-0.00014367297990247607,0.0017840358195826411,0.0004015247686766088,-0.002368811285123229,-0.0029801689088344574,0.0034977386239916086,0.0004969890578649938,-0.0035275293048471212,-0.0035049868747591972,-0.00020413828315213323,0.0035553225316107273,-0.0030272011645138264,0.0009719902300275862,-0.0005204859771765769,0.0020640059374272823,-0.0010516903130337596,-0.0004559888911899179,0.0034895555581897497,0.0009984432253986597,0.0002862121909856796,-0.002880503423511982,0.0031029435340315104,0.0028592078015208244,0.0027414553333073854,0.0013514587190002203,0.0003794404328800738,-0.002656992757692933,0.00217748642899096
17,0.0011356886243447661,0.00024712138110771775,0.002422442426905036,-0.002710249973461032,0.0005236718570813537,0.0011579471174627542,0.0020451638847589493,-0.0001688920019660145,-0.0029617762193083763,0.0011605042964220047,0.0015697769122198224,0.0013848578091710806,-0.0006465123151428998,-0.0015385563019663095,0.0004201580013614148,0.0037828756030648947,0.0027345316484570503,-0.0001813971612136811,0.001775555545464158,-0.0020119529217481613,-0.00016570696607232094,9.337957453681156e-05,-0.003793118754401803,-0.0016698910621926188,0.002716916613280773,-0.0007977634086273611,-0.003696415340527892,-0.002142814453691244,-0.0008249505772255361,-0.0016966038383543491,9.206301911035553e-05,0.0017833284800872207,-0.0004382900951895863,0.001960702007636428,-0.00040453727706335485,-0.001888485625386238,-0.0029251673258841038,-0.0010809996165335178,0.0022983639501035213,-0.0013089841231703758,-0.003745498601347208,-0.0026252802927047014,-0.0017721777549013495,0.0031561772339046,-0.0034561720676720142,-0.00025914731668308377,-0.0002136121183866635,-0.0021865786984562874,0.0016020657494664192,-0.003080169204622507,0.003435682039707899,-0.0030838586390018463,-0.0009642699733376503,-0.00031629152363166213,-0.0021447937469929457,-0.0006091484101489186,-0.001801404869183898,-0.0017218872671946883,0.00251558399759233,0.0021701438818126917,0.001543472521007061,-0.0001328108919551596,0.0021839416585862637,-0.0015698574716225266,0.001453549601137638,0.0028377892449498177,-0.003256760537624359,-0.00215241895057261,0.0030741835944354534,-0.003801861312240362,-0.0019056317396461964,-0.0036168363876640797,0.003023075172677636,0.003262958489358425,0.001963120885193348,0.0022652253974229097,-0.000548284500837326,-0.002594578545540571,0.002541341120377183,1.0874834970309166e-06,0.0010877072345465422,-0.0019873722922056913,0.0019751694053411484,-0.0016272205393761396,0.00037552020512521267,0.0012643297668546438,0.0011956436792388558,-0.003338823327794671,-0.0008822384406812489,0.001645579468458891,-0.0001614838110981509,-0.002463144948706031,0.0027240475174039602,-0.0007816633442416787,0.003544927341863513,0.0015903357416391373,-0.00031028434750624,0.003316223155707121,0.001097972854040563,-0.0015883786836639047,0.0025483882054686546,-0.001960783265531063,-0.0016758365090936422,-0.002081326674669981,-0.002728458261117339,0.0036470096092671156,0.002034410135820508,0.00041170037002302706,-0.000982327968813479,0.0005070663755759597,-0.0016860190080478787,0.0005554631934501231,-0.0014592676889151335,0.0037936256267130375,0.0031536053866147995,-0.0016255200607702136,0.0038480046205222607,0.002144038211554289,0.0017946725711226463,-0.001384635572321713,0.0024213253054767847,-0.003418578300625086,-0.0005729671102017164,0.0019751512445509434,0.0013850543182343245,0.003677417291328311,-0.0020145298913121223,0.00180406728759408
18,0.002594065386801958,0.002668380970135331,-0.003462883410975337,-0.003631035564467311,-0.003694567596539855,-0.0029637839179486036,0.0016538877971470356,0.00048669151146896183,-0.0003588300896808505,-0.002935267984867096,-0.00030918358243070543,0.00229011126793921,0.0011093119392171502,-0.001889717415906489,-0.0005377235356718302,0.0010602740803733468,-0.0013560036895796657,0.0002099804551107809,-0.0015153640415519476,0.0026186902541667223,0.001814722316339612,0.0036661927588284016,-0.0023111184127628803,0.0035265209153294563,-0.001959308283403516,0.001126908347941935,-0.0020662846509367228,-0.002246362389996648,0.003495581913739443,-0.0037451437674462795,-0.0008668086375109851,0.002424325095489621,0.0010849423706531525,0.0025004681665450335,-0.00351919187232852,-0.0016742825973778963,-0.0006195431924425066,0.0011219014413654804,-0.0010528645943850279,0.0036731415893882513,-0.0020366280805319548,-0.0012833791552111506,-0.0012014247477054596,-0.0003348884347360581,0.002176585840061307,0.003595407120883465,-0.0013072711881250143,0.0005123079754412174,0.002417286392301321,-0.002132776193320751,-0.0014959961408749223,-0.002677464159205556,0.0009001037105917931,-0.0013290790375322104,-0.002144019352272153,-0.0009027838241308928,0.003545093350112438,-0.0007031641434878111,0.002874852856621146,-0.0009376747766509652,0.0004536168708000332,0.00119683553930372,-0.0005455889622680843,0.0015897167613729835,-0.0038213024381548166,0.00343045755289495,0.0020770346745848656,-8.011620957404375e-05,-0.003797633573412895,0.0029717509169131517,0.0029547729063779116,-0.0017079892568290234,-0.0022971127182245255,-0.0036167034413665533,-0.00011428861762396991,0.0026209638454020023,0.003095107153058052,0.0030784192495048046,-0.0025458568707108498,-0.002276219194754958,-0.0018811076879501343,-0.003731039585545659,-0.00352051155641675,0.0016252849018201232,0.0021873728837817907,0.0006750090979039669,-0.002427053404971957,-0.0010137001518160105,0.0005505334120243788,-0.003461042419075966,-0.0014121982967481017,0.0004673855728469789,-0.00030319546931423247,0.0010423394851386547,0.0010612418409436941,-0.0003081752802245319,-0.002037316793575883,0.0035607232712209225,-0.0011488418094813824,0.0017848566640168428,-0.001270682318136096,0.001657790970057249,-0.0010781544260680676,0.002401095349341631,-5.0395727157592773e-05,0.0013565262779593468,2.864426096493844e-05,0.003167194314301014,-0.0023757729213684797,0.0037068049423396587,-0.002916556317359209,-0.001818229560740292,-0.002630336908623576,-0.0017083773855119944,-0.0012805138248950243,0.0005119495326653123,0.0008038959349505603,0.0037171414587646723,-0.003729084273800254,-0.0032304881606251,-0.0016385754570364952,0.0004147410800214857,-0.0022632915060967207,-0.0031848473008722067,-0.002404044847935438,-0.0021923910826444626,-0.0038377614691853523,0.0003581831988412887
19,-0.0005081730778329074,0.0008938584360294044,0.0007220855914056301,-0.001640066271647811,-0.003298384603112936,-0.0032878094352781773,0.0014280860777944326,0.0006933024269528687,0.00303086475469172,0.0008040156681090593,-0.00127115729264915,0.002125212922692299,-0.00035669124918058515,0.0015844128793105483,-3.406390896998346e-05,0.0014972148928791285,0.003895118599757552,0.00027167893131263554,-0.00036323306267149746,-0.001992982579395175,0.0031835418194532394,0.0009200877393595874,-0.0007456564926542342,0.0007393910200335085,0.0015782550908625126,0.0026968694292008877,-1.538967808301095e-05,0.0023521643597632647,0.0008771736756898463,0.0006264049443416297,-0.0008375893230549991,-0.001947893644683063,-0.0029259969014674425,-0.0008399891084991395,-0.0021923521999269724,0.001831652014516294,-0.003366614691913128,-0.002866187831386924,0.003800984239205718,0.00044823659118264914,0.00345681537874043,-0.0029357578605413437,-5.360564318834804e-05,-0.0017857986968010664,0.002118527889251709,0.003559752833098173,-0.0012653718004003167,0.002539901528507471,0.003759965766221285,-0.0008071763440966606,0.003049022052437067,0.000529213051777333,-0.0014100514817982912,0.003215080127120018,-0.003895529080182314,-0.0012239491334185004,0.0028141075745224953,-0.0013995006447657943,0.0035267432685941458,0.002288732910528779,0.0017937151715159416,-0.0013724623713642359,-0.0007227925234474242,-0.0039217290468513966,-0.0011958044487982988,0.0012132254196330905,-0.002346709370613098,0.002084102714434266,0.0028590988367795944,-0.002676388481631875,0.00349179795011878,-0.000908927817363292,0.002726225880905986,0.002086234511807561,0.00302324746735394,-0.0008384943939745426,0.002960408106446266,-0.002691057976335287,0.0014480141690000892,0.002407586667686701,0.003397627966478467,0.00018286198610439897,0.0006246806005947292,0.003392517799511552,-0.000484257354401052,0.003052240004763007,-0.0019715502858161926,-0.0007575739873573184,-0.002826226642355323,0.0013305034954100847,-0.0032645605970174074,0.001830218592658639,-0.001174102770164609,-0.0010501642245799303,-0.001682981033809483,0.0001751959789544344,-0.0024129794910550117,-0.0021252117585390806,-0.00042100984137505293,-0.0029122442938387394,0.00018598517635837197,0.0007573370239697397,0.0034265397116541862,0.0036438871175050735,-0.0021062286105006933,-0.001522921840660274,0.0009400641429238021,-0.0007415396976284683,0.003429685952141881,0.000995009788312018,0.0035810822155326605,0.00017370993737131357,-0.003275226103141904,-0.000512774393428117,0.003777799429371953,-0.0007450589328072965,-0.0017141300486400723,-0.00035202823346480727,-0.001423993962816894,-0.0033313632011413574,0.0007479983032681048,-0.002600019797682762,0.0021638672333210707,-0.0014485121937468648,0.002196424873545766,-0.0020635633263736963,0.00046164009836502373,0.002854979131370783
